{
    "total_runtime": 1382.7576069831848,
    "num_documents": 1,
    "input_load_time": 0,
    "workflows": {
        "create_base_text_units": {
            "overall": 0.15328502655029297,
            "0_orderby": 0.004011869430541992,
            "1_zip": 0.003914833068847656,
            "2_aggregate_override": 0.00490880012512207,
            "3_chunk": 0.11452960968017578,
            "4_select": 0.002377033233642578,
            "5_unroll": 0.004338979721069336,
            "6_rename": 0.0016181468963623047,
            "7_genid": 0.0019309520721435547,
            "8_unzip": 0.002048015594482422,
            "9_copy": 0.0020389556884765625,
            "10_filter": 0.01004791259765625
        },
        "create_base_extracted_entities": {
            "overall": 1276.9537098407745,
            "0_entity_extract": 1276.787475824356,
            "1_merge_graphs": 0.15964007377624512
        },
        "create_summarized_entities": {
            "overall": 99.35925197601318,
            "0_summarize_descriptions": 99.35637187957764
        },
        "create_base_entity_graph": {
            "overall": 0.048805952072143555,
            "0_cluster_graph": 0.03242206573486328,
            "1_select": 0.0051190853118896484
        },
        "create_final_entities": {
            "overall": 2.882798194885254,
            "0_unpack_graph": 0.008893013000488281,
            "1_rename": 0.004478931427001953,
            "2_select": 0.004204750061035156,
            "3_dedupe": 0.005396842956542969,
            "4_rename": 0.004182100296020508,
            "5_filter": 0.012983083724975586,
            "6_text_split": 0.0049800872802734375,
            "7_drop": 0.004515171051025391,
            "8_merge": 0.013529062271118164,
            "9_text_embed": 2.78987717628479,
            "10_drop": 0.009136199951171875,
            "11_filter": 0.016742944717407227
        },
        "create_final_nodes": {
            "overall": 0.09708118438720703,
            "0_layout_graph": 0.010968208312988281,
            "1_unpack_graph": 0.006170988082885742,
            "2_unpack_graph": 0.006078958511352539,
            "3_drop": 0.0046539306640625,
            "4_filter": 0.011286020278930664,
            "5_select": 0.004866838455200195,
            "6_rename": 0.004992008209228516,
            "7_join": 0.010893106460571289,
            "8_convert": 0.02734518051147461,
            "9_rename": 0.005454063415527344
        },
        "create_final_communities": {
            "overall": 0.13303208351135254,
            "0_unpack_graph": 0.006924152374267578,
            "1_unpack_graph": 0.0067958831787109375,
            "2_aggregate_override": 0.010103940963745117,
            "3_join": 0.008086919784545898,
            "4_join": 0.008774995803833008,
            "5_concat": 0.0077419281005859375,
            "6_filter": 0.01634383201599121,
            "7_aggregate_override": 0.007484912872314453,
            "8_join": 0.008643150329589844,
            "9_filter": 0.01720285415649414,
            "10_fill": 0.007381916046142578,
            "11_merge": 0.0073778629302978516,
            "12_copy": 0.007508993148803711,
            "13_select": 0.00704503059387207
        },
        "join_text_units_to_entity_ids": {
            "overall": 0.03097701072692871,
            "0_select": 0.0071489810943603516,
            "1_unroll": 0.008848190307617188,
            "2_aggregate_override": 0.007919073104858398
        },
        "create_final_relationships": {
            "overall": 0.10050606727600098,
            "0_unpack_graph": 0.008803844451904297,
            "1_filter": 0.016420841217041016,
            "2_rename": 0.007717132568359375,
            "3_filter": 0.01808905601501465,
            "4_drop": 0.00796818733215332,
            "5_compute_edge_combined_degree": 0.009251117706298828,
            "6_convert": 0.01665496826171875,
            "7_convert": 0.008077144622802734
        },
        "join_text_units_to_relationship_ids": {
            "overall": 0.0448610782623291,
            "0_select": 0.008615255355834961,
            "1_unroll": 0.008909940719604492,
            "2_aggregate_override": 0.00993204116821289,
            "3_select": 0.008944034576416016
        }
    }
}