{
    "total_runtime": 2785.1912109851837,
    "num_documents": 4,
    "input_load_time": 0,
    "workflows": {
        "create_base_text_units": {
            "overall": 0.1514589786529541,
            "0_orderby": 0.004940032958984375,
            "1_zip": 0.0017349720001220703,
            "2_aggregate_override": 0.0035288333892822266,
            "3_chunk": 0.1145930290222168,
            "4_select": 0.0027348995208740234,
            "5_unroll": 0.005386829376220703,
            "6_rename": 0.0021712779998779297,
            "7_genid": 0.0023758411407470703,
            "8_unzip": 0.0023801326751708984,
            "9_copy": 0.0021016597747802734,
            "10_filter": 0.008298158645629883
        },
        "create_base_extracted_entities": {
            "overall": 1871.6511290073395,
            "0_entity_extract": 1871.3634152412415,
            "1_snapshot": 0.030552148818969727,
            "2_merge_graphs": 0.22512316703796387,
            "3_snapshot_rows": 0.025968074798583984
        },
        "create_summarized_entities": {
            "overall": 98.05026888847351,
            "0_summarize_descriptions": 98.0093879699707,
            "1_snapshot_rows": 0.030806779861450195
        },
        "create_base_entity_graph": {
            "overall": 0.04524707794189453,
            "0_cluster_graph": 0.02767205238342285,
            "1_snapshot_rows": 0.004468202590942383,
            "2_snapshot_rows": 0.004602193832397461,
            "3_select": 0.004430055618286133
        },
        "create_final_entities": {
            "overall": 2.0833730697631836,
            "0_unpack_graph": 0.005927324295043945,
            "1_rename": 0.004734992980957031,
            "2_select": 0.0047149658203125,
            "3_dedupe": 0.00525212287902832,
            "4_rename": 0.00481104850769043,
            "5_filter": 0.012752056121826172,
            "6_text_split": 0.005803108215332031,
            "7_drop": 0.005319833755493164,
            "8_merge": 0.007894039154052734,
            "9_text_embed": 1.9935989379882812,
            "10_drop": 0.009974956512451172,
            "11_filter": 0.018246173858642578
        },
        "create_final_nodes": {
            "overall": 0.11845898628234863,
            "0_layout_graph": 0.011983871459960938,
            "1_unpack_graph": 0.007352113723754883,
            "2_unpack_graph": 0.007880926132202148,
            "3_drop": 0.006275177001953125,
            "4_filter": 0.014072895050048828,
            "5_select": 0.005808830261230469,
            "6_snapshot": 0.0068819522857666016,
            "7_rename": 0.005910158157348633,
            "8_join": 0.01161503791809082,
            "9_convert": 0.027381181716918945,
            "10_rename": 0.008302927017211914
        },
        "create_final_communities": {
            "overall": 0.14113116264343262,
            "0_unpack_graph": 0.007169961929321289,
            "1_unpack_graph": 0.007915019989013672,
            "2_aggregate_override": 0.01079702377319336,
            "3_join": 0.008839130401611328,
            "4_join": 0.009598970413208008,
            "5_concat": 0.006840944290161133,
            "6_filter": 0.015458106994628906,
            "7_aggregate_override": 0.008237123489379883,
            "8_join": 0.009299039840698242,
            "9_filter": 0.01729726791381836,
            "10_fill": 0.007931232452392578,
            "11_merge": 0.00865316390991211,
            "12_copy": 0.008363962173461914,
            "13_select": 0.008485078811645508
        },
        "join_text_units_to_entity_ids": {
            "overall": 0.03732013702392578,
            "0_select": 0.009428977966308594,
            "1_unroll": 0.011168718338012695,
            "2_aggregate_override": 0.008957862854003906
        },
        "create_final_relationships": {
            "overall": 0.13101792335510254,
            "0_unpack_graph": 0.012235164642333984,
            "1_filter": 0.029747962951660156,
            "2_rename": 0.009022951126098633,
            "3_filter": 0.020318984985351562,
            "4_drop": 0.010004043579101562,
            "5_compute_edge_combined_degree": 0.011327981948852539,
            "6_convert": 0.020184993743896484,
            "7_convert": 0.009943008422851562
        },
        "join_text_units_to_relationship_ids": {
            "overall": 0.05396604537963867,
            "0_select": 0.01108407974243164,
            "1_unroll": 0.011096954345703125,
            "2_aggregate_override": 0.011601924896240234,
            "3_select": 0.011111259460449219
        },
        "create_final_community_reports": {
            "overall": 805.6238961219788,
            "0_prepare_community_reports_nodes": 0.010991811752319336,
            "1_prepare_community_reports_edges": 0.011827945709228516,
            "2_restore_community_hierarchy": 0.013609886169433594,
            "3_prepare_community_reports": 0.024608850479125977,
            "4_create_community_reports": 805.4607429504395,
            "5_window": 0.08765697479248047
        },
        "create_final_text_units": {
            "overall": 0.09620189666748047,
            "0_select": 0.012404918670654297,
            "1_rename": 0.011427164077758789,
            "2_join": 0.019809961318969727,
            "3_join": 0.013794898986816406,
            "4_aggregate_override": 0.015879154205322266,
            "5_select": 0.011889934539794922
        },
        "create_base_documents": {
            "overall": 0.16782593727111816,
            "0_unroll": 0.014793872833251953,
            "1_select": 0.01353597640991211,
            "2_rename": 0.013678789138793945,
            "3_join": 0.016246795654296875,
            "4_aggregate_override": 0.014828681945800781,
            "5_join": 0.016791820526123047,
            "6_rename": 0.014213800430297852,
            "7_convert": 0.0502772331237793
        },
        "create_final_documents": {
            "overall": 0.029135704040527344,
            "0_rename": 0.014506816864013672
        }
    }
}